ProNr,Alternativ,År,Trafikantnytte,Kjøretøykostnader,Direkteutgifter,Tidskostnader,Nyskapt,Ulempeskostnader,Helsevirkninger,Utrygghetskostnader,Operatørkostnader,Operatørinntekter,Operatøroverføringer,Drift_vedlikehold,Offentlige_overføringer,Skatte_avgiftsinntekter,Ulykker,Støy_luft,Andre_kostnader,Skattekostnad
1,0,2029,,-9808.002,-712.10437,-16585.936,0,-0,0,-0,-1063.3705,638.02234,425.34821,-859.99243,-425.34821,1482.1232,-3179.2644,-1104.0631,-0,39.356514
1,0,2030,,-9466.0068,-698.61713,-16256.64,0,-0,0,-0,-1043.2302,625.93817,417.29211,-830.34857,-417.29211,1363.7472,-3026.3325,-1107.291,-0,23.221308
1,0,2031,,-9104.1055,-685.18225,-15907.71,0,-0,0,-0,-1023.1683,613.901,409.26733,-800.70166,-409.26733,1246.1649,-2874.2803,-1034.9993,-0,7.2391863
1,0,2032,,-8758.8916,-671.8418,-15567.466,0,-0,0,-0,-1003.2473,601.94836,401.29889,-772.12866,-401.29889,1138.8186,-2730.0774,-967.42639,-0,-6.9217911
1,0,2033,,-8430.0508,-658.62512,-15235.692,0,-0,0,-0,-983.51111,590.10669,393.40445,-744.59039,-393.40445,1041.2452,-2593.311,-904.36243,-0,-19.349926
1,0,2034,,-8117.2471,-645.50049,-14912.175,0,-0,0,-0,-963.91235,578.34741,385.56494,-718.04889,-385.56494,954.97076,-2463.5906,-848.54639,-0,-29.728621
1,0,2035,,-7820.042,-632.60822,-14596.709,0,-0,0,-0,-944.66064,566.79639,377.86426,-692.46783,-377.86426,877.211,-2340.5454,-796.6781,-0,-38.624229
1,0,2036,,-7539.3311,-620.04211,-14288.265,0,-0,0,-0,-925.89594,555.53754,370.35837,-667.81207,-370.35837,807.5047,-2223.8264,-749.16327,-0,-46.13316
1,0,2037,,-7272.4673,-607.64941,-13986.224,0,-0,0,-0,-907.39008,544.43408,362.95602,-644.04785,-362.95602,744.74658,-2113.1008,-705.38641,-0,-52.451469
1,0,2038,,-7019.0977,-595.49274,-13690.493,0,-0,0,-0,-889.23682,533.54205,355.69473,-621.14264,-355.69473,688.31091,-2008.0548,-665.2674,-0,-57.705307
1,0,2039,,-6778.0107,-583.5401,-13401.031,0,-0,0,-0,-871.38818,522.83289,348.55527,-599.06494,-348.55527,637.54926,-1908.3911,-628.37543,-0,-62.014206
1,0,2040,,-6555.2397,-571.81409,-13117.652,0,-0,0,-0,-853.87799,512.32678,341.55118,-577.78461,-341.55118,598.48547,-1813.8284,-597.3075,-0,-64.170074
1,0,2041,,-6344.5029,-560.30408,-12840.292,0,-0,0,-0,-836.69037,502.01422,334.67615,-557.27264,-334.67615,565.23022,-1724.0999,-569.49384,-0,-65.343727
1,0,2042,,-6143.5713,-549.02081,-12568.807,0,-0,0,-0,-819.84131,491.90479,327.93652,-537.50092,-327.93652,535.63605,-1638.953,-543.99194,-0,-65.960297
1,0,2043,,-5951.1431,-537.95898,-12303.121,0,-0,0,-0,-803.32288,481.99371,321.32916,-518.44244,-321.32916,508.70828,-1558.1487,-520.30713,-0,-66.212677
1,0,2044,,-5766.6157,-527.12024,-12043.114,0,-0,0,-0,-787.13763,472.28256,314.85504,-500.07117,-314.85504,483.99118,-1481.4604,-498.22675,-0,-66.187019
1,0,2045,,-5589.3911,-516.49939,-11788.699,0,-0,0,-0,-771.27771,462.76663,308.51108,-482.36218,-308.51108,461.15891,-1408.6742,-477.55554,-0,-65.942886
1,0,2046,,-5419.0991,-506.09384,-11539.771,0,-0,0,-0,-755.73932,453.44357,302.29572,-465.29117,-302.29572,440.01233,-1339.5863,-458.18185,-0,-65.514923
1,0,2047,,-5255.313,-495.89804,-11296.236,0,-0,0,-0,-740.51416,444.30847,296.20566,-448.83499,-296.20566,420.35971,-1274.0049,-440.00204,-0,-64.936203
1,0,2048,,-5097.7666,-485.90787,-11057.996,0,-0,0,-0,-725.59607,435.35764,290.23843,-432.97125,-290.23843,402.09204,-1211.7477,-422.91821,-0,-64.223541
1,0,2049,,-4946.0811,-476.1185,-10824.954,0,-0,0,-0,-710.97778,426.58667,284.39111,-417.67838,-284.39111,385.04666,-1152.642,-406.79785,-0,-63.404579
1,0,2050,,-4799.9712,-466.52557,-10597.015,0,-0,0,-0,-696.65289,417.99173,278.66116,-402.93558,-278.66116,369.10574,-1096.5245,-391.60941,-0,-62.498215
1,0,2051,,-4659.1465,-457.12479,-10374.08,0,-0,0,-0,-682.61487,409.56891,273.04593,-388.72281,-273.04593,354.16046,-1043.2401,-377.25079,-0,-61.521671
1,0,2052,,-4523.3662,-447.9122,-10156.055,0,-0,0,-0,-668.85791,401.31476,267.54315,-375.02084,-267.54315,340.12299,-992.64264,-363.65936,-0,-60.488216
1,0,2053,,-4392.3867,-438.88406,-9942.8418,0,-0,0,-0,-655.3764,393.22583,262.15054,-361.81104,-262.15054,326.91061,-944.59277,-350.77322,-0,-59.410206
1,0,2054,,-4265.9971,-430.03671,-9734.3477,0,-0,0,-0,-642.16479,385.29889,256.86594,-349.07556,-256.86594,314.45386,-898.95898,-344.27255,-0,-58.297543
1,0,2055,,-4143.9888,-421.36661,-9530.4746,0,-0,0,-0,-629.2179,377.53076,251.68716,-336.79712,-251.68716,302.68793,-855.61652,-340.48975,-0,-57.159286
1,0,2056,,-4026.1736,-412.87039,-9331.1299,0,-0,0,-0,-616.5307,369.91843,246.61227,-324.95911,-246.61227,291.55713,-814.44727,-336.94635,-0,-56.002865
1,0,2057,,-3912.3711,-404.54465,-9136.2207,0,-0,0,-0,-604.09802,362.45883,241.63921,-313.54556,-241.63921,281.0101,-775.33942,-333.70419,-0,-54.834949
1,0,2058,,-3802.4138,-396.38605,-8945.6514,0,-0,0,-0,-591.91498,355.14899,236.76599,-302.54108,-236.76599,271.00211,-738.18665,-330.73816,-0,-53.661007
1,0,2059,,-3696.1428,-388.39142,-8759.332,0,-0,0,-0,-579.97675,347.98605,231.99069,-291.93076,-231.99069,261.49203,-702.88873,-328.12408,-0,-52.485893
1,0,2060,,-3593.4089,-380.55743,-8577.1709,0,-0,0,-0,-568.27844,340.96707,227.31137,-281.70029,-227.31137,252.44366,-669.35016,-325.63885,-0,-51.31361
1,0,2061,,-3499.6077,-372.86243,-8397.3584,0,-0,0,-0,-556.78766,334.0726,222.71506,-271.83447,-222.71506,246.08728,-637.46826,-326.30566,-0,-49.692463
1,0,2062,,-3408.4451,-365.2916,-8220.9971,0,-0,0,-0,-545.48224,327.28937,218.1929,-262.3172,-218.1929,239.88762,-607.13525,-327.14792,-0,-48.124508
1,0,2063,,-3319.7083,-357.82333,-8047.5801,0,-0,0,-0,-534.33008,320.59805,213.73203,-253.13326,-213.73203,233.83086,-578.25256,-328.13348,-0,-46.606895
1,0,2064,,-3233.1985,-350.43808,-7876.644,0,-0,0,-0,-523.30188,313.98111,209.32074,-244.26816,-209.32074,227.90439,-550.72974,-326.93723,-0,-45.136913
1,0,2065,,-3148.7314,-343.11829,-7707.7676,0,-0,0,-0,-512.37134,307.42279,204.94853,-235.70827,-204.94853,222.09665,-524.48431,-325.85178,-0,-43.71204
1,0,2066,,-3066.1367,-335.84836,-7540.5723,0,-0,0,-0,-501.51532,300.90918,200.60612,-227.4407,-200.60612,216.3972,-499.44098,-324.7847,-0,-42.329937
1,0,2067,,-2985.2576,-328.61475,-7374.7217,0,-0,0,-0,-490.7135,294.4281,196.2854,-219.45322,-196.2854,210.79674,-475.53082,-323.71329,-0,-40.988384
2,0,2029,,-22433.367,-1664.5269,-39800.492,0,-0,0,-0,-2476.9753,1486.1853,990.79016,-819.56128,-990.79016,3662.7971,-6474.5571,-2069.3601,-0,370.48923
2,0,2030,,-21644.82,-1637.0664,-39074.449,0,-0,0,-0,-2436.1116,1461.667,974.44464,-789.26624,-974.44464,3370.9233,-6165.6113,-2096.7786,-0,321.4426
2,0,2031,,-20866.014,-1600.2971,-38381.289,0,-0,0,-0,-2381.3955,1428.8373,952.55817,-760.35828,-952.55817,3082.989,-5881.6152,-1930.287,-0,274.01462
2,0,2032,,-20122.572,-1564.0333,-37702.594,0,-0,0,-0,-2327.4314,1396.4589,930.9726,-732.52197,-930.9726,2819.1191,-5611.1089,-1775.4135,-0,231.12495
2,0,2033,,-19413.488,-1528.4103,-37037.875,0,-0,0,-0,-2274.4209,1364.6526,909.76837,-705.7171,-909.76837,2578.2437,-5353.4385,-1631.5295,-0,192.5517
2,0,2034,,-18739.156,-1493.74,-36386.684,0,-0,0,-0,-2222.8281,1333.6969,889.13129,-679.90521,-889.13129,2364.5374,-5107.9829,-1505.5149,-0,159.10019
2,0,2035,,-18098.4,-1459.8008,-35748.902,0,-0,0,-0,-2172.3235,1303.3942,868.92938,-655.04907,-868.92938,2171.4126,-4874.1504,-1389.3184,-0,129.48686
2,0,2036,,-17493.109,-1426.8564,-35122.137,0,-0,0,-0,-2123.2993,1273.9795,849.3197,-631.11304,-849.3197,1997.7716,-4651.3794,-1283.7821,-0,103.4678
2,0,2037,,-16917.207,-1394.5035,-34505.129,0,-0,0,-0,-2075.155,1245.093,830.06201,-608.06268,-830.06201,1841.0178,-4439.1343,-1187.39,-0,80.578636
2,0,2038,,-16370.309,-1362.842,-33897.758,0,-0,0,-0,-2028.0397,1216.8239,811.21588,-585.86493,-811.21588,1699.7408,-4236.9072,-1099.9601,-0,60.532032
2,0,2039,,-15849.234,-1331.8986,-33300.441,0,-0,0,-0,-1981.9927,1189.1957,792.79706,-564.48792,-792.79706,1572.3298,-4044.2146,-1020.369,-0,43.008984
2,0,2040,,-15371.195,-1301.8091,-32713.924,0,-0,0,-0,-1937.2167,1162.33,774.88666,-543.901,-774.88666,1474.9886,-3860.5967,-956.02008,-0,31.240206
2,0,2041,,-14920.834,-1272.2775,-32136.541,0,-0,0,-0,-1893.2708,1135.9625,757.30835,-524.07471,-757.30835,1392.7833,-3685.616,-900.14252,-0,22.28006
2,0,2042,,-14490.559,-1243.3031,-31566.742,0,-0,0,-0,-1850.1543,1110.0925,740.06171,-504.98068,-740.06171,1319.7115,-3518.8569,-849.79114,-0,14.933829
2,0,2043,,-14078.173,-1215.08,-31006.408,0,-0,0,-0,-1808.1554,1084.8932,723.26215,-486.59155,-723.26215,1253.3953,-3359.9233,-803.83527,-0,8.7083149
2,0,2044,,-13682.194,-1187.5027,-30455.918,0,-0,0,-0,-1767.1179,1060.2708,706.84717,-468.88104,-706.84717,1192.5778,-3208.4395,-761.55896,-0,3.3699105
2,0,2045,,-13300.356,-1160.5781,-29915.158,0,-0,0,-0,-1727.0515,1036.231,690.82062,-451.82385,-690.82062,1136.4004,-3064.0474,-722.54718,-0,-1.2488163
2,0,2046,,-12931.604,-1134.1868,-29384.363,0,-0,0,-0,-1687.7786,1012.6671,675.11139,-438.03241,-675.11139,1084.3942,-2926.4062,-686.48944,-0,-5.749928
2,0,2047,,-12577.566,-1108.5532,-28862.824,0,-0,0,-0,-1649.6334,989.78009,659.85339,-422.11154,-659.85339,1036.1881,-2795.1924,-653.12512,-0,-9.1553736
2,0,2048,,-12235.187,-1083.0878,-28349.967,0,-0,0,-0,-1611.7384,967.04303,644.69531,-406.77737,-644.69531,991.3595,-2670.0981,-622.16913,-0,-12.022635
2,0,2049,,-11904.528,-1058.5923,-27846.711,0,-0,0,-0,-1575.2867,945.17206,630.11475,-392.00803,-630.11475,949.55103,-2550.8301,-593.41565,-0,-14.514359
2,0,2050,,-11584.959,-1034.6887,-27352.867,0,-0,0,-0,-1539.7161,923.82965,615.88641,-377.78247,-615.88641,910.46863,-2437.1099,-566.70581,-0,-16.640055
2,0,2051,,-11276.179,-1011.355,-26867.604,0,-0,0,-0,-1504.993,902.99585,601.99725,-364.08047,-601.99725,873.94611,-2328.6721,-541.83203,-0,-18.426329
2,0,2052,,-10977.208,-988.52692,-26391.479,0,-0,0,-0,-1471.0227,882.61365,588.40912,-350.88254,-588.40912,839.55731,-2225.2649,-518.54913,-0,-19.946873
2,0,2053,,-10688.506,-966.29175,-25925.189,0,-0,0,-0,-1437.9347,862.7608,575.17389,-338.16992,-575.17389,807.4505,-2126.6477,-497.00665,-0,-21.178667
2,0,2054,,-10408.167,-944.52802,-25467.266,0,-0,0,-0,-1405.5482,843.32892,562.2193,-325.92462,-562.2193,776.93896,-2032.5927,-489.63583,-0,-22.240997
2,0,2055,,-10136.857,-923.23291,-25017.336,0,-0,0,-0,-1373.859,824.31543,549.54358,-314.12921,-549.54358,748.24731,-1942.882,-488.35666,-0,-23.0851
2,0,2056,,-9873.7822,-902.4726,-24576.914,0,-0,0,-0,-1342.9657,805.77942,537.18628,-302.767,-537.18628,720.9165,-1857.3096,-487.1936,-0,-23.80736
2,0,2057,,-9617.8828,-882.2395,-24145.711,0,-0,0,-0,-1312.8569,787.71417,525.14276,-291.8219,-525.14276,694.97968,-1775.6786,-486.46582,-0,-24.397003
2,0,2058,,-9369.5635,-862.4646,-23723.061,0,-0,0,-0,-1283.4301,770.05798,513.37201,-281.27841,-513.37201,670.42749,-1697.8016,-486.16806,-0,-24.844593
2,0,2059,,-9128.9629,-843.12628,-23308.303,0,-0,0,-0,-1254.6527,752.79163,501.86108,-271.12161,-501.86108,647.10175,-1623.5009,-486.4386,-0,-25.176197
2,0,2060,,-8896.1396,-824.30884,-22902.695,0,-0,0,-0,-1226.6505,735.9903,490.66022,-261.33719,-490.66022,624.86444,-1552.6068,-486.75089,-0,-25.4266
2,0,2061,,-8680.5439,-806.10864,-22505.115,0,-0,0,-0,-1199.567,719.74017,479.82678,-251.91035,-479.82678,608.86578,-1484.921,-494.12634,-0,-24.574274
2,0,2062,,-8469.9209,-788.11328,-22110.801,0,-0,0,-0,-1172.7881,703.67285,469.11523,-242.82602,-469.11523,593.22601,-1420.2245,-501.5401,-0,-23.743053
2,0,2063,,-8263.5938,-770.43475,-21721.533,0,-0,0,-0,-1146.4807,687.88843,458.59229,-249.13329,-458.59229,577.57257,-1358.3182,-508.45096,-0,-26.030609
2,0,2064,,-8062.7573,-753.16376,-21337.518,0,-0,0,-0,-1120.7799,672.4679,448.31195,-240.09299,-448.31195,562.66626,-1299.0225,-510.93652,-0,-25.147741
2,0,2065,,-7865.5283,-735.99237,-20958.547,0,-0,0,-0,-1095.2272,657.13635,438.09088,-231.37794,-438.09088,548.05768,-1242.1744,-513.44208,-0,-24.282232
2,0,2066,,-7671.5581,-719.31799,-20583.586,0,-0,0,-0,-1070.4142,642.24847,428.16565,-222.97493,-428.16565,533.70526,-1187.6276,-515.90002,-0,-23.487066
2,0,2067,,-7477.2021,-703.03424,-20213.896,0,-0,0,-0,-1046.1824,627.70941,418.47293,-227.90256,-418.47293,518.62958,-1135.2501,-516.70435,-0,-25.549189
3,0,2029,,-49287.68,-3702.5112,-93033.742,0,-0,0,-0,-5509.6895,3305.8135,2203.8757,-1981.3965,-2203.8757,6999.0747,-10337.864,-4320.2202,-0,562.76062
3,0,2030,,-47766.188,-3630.6821,-91644.297,0,-0,0,-0,-5402.8008,3241.6804,2161.1204,-1909.4576,-2161.1204,6408.2417,-9921.5254,-4308.9116,-0,467.53287
3,0,2031,,-46099.34,-3547.9202,-90017.953,0,-0,0,-0,-5279.6431,3167.7856,2111.8572,-1839.2576,-2111.8572,5818.3618,-9497.1768,-3985.2202,-0,373.44949
3,0,2032,,-44513.07,-3466.6394,-88430.109,0,-0,0,-0,-5158.6895,3095.2136,2063.4758,-1782.396,-2063.4758,5284.502,-9091.8662,-3688.5251,-0,287.7261
3,0,2033,,-42995.246,-3387.0178,-86875.516,0,-0,0,-0,-5040.2051,3024.123,2016.082,-1717.0436,-2016.082,4800.3076,-8704.7119,-3413.5916,-0,213.43648
3,0,2034,,-41546.008,-3308.1182,-85353.273,0,-0,0,-0,-4922.7949,2953.6768,1969.1179,-1654.1147,-1969.1179,4372.0972,-8334.8701,-3171.2561,-0,149.77293
3,0,2035,,-40164.465,-3230.9373,-83862.516,0,-0,0,-0,-4807.9419,2884.7651,1923.1769,-1593.519,-1923.1769,3988.584,-7981.5396,-2948.4233,-0,94.377632
3,0,2036,,-38854.645,-3155.9187,-82397.281,0,-0,0,-0,-4696.3076,2817.7847,1878.5231,-1535.1689,-1878.5231,3646.1177,-7643.9551,-2745.8994,-0,46.485142
3,0,2037,,-37604.664,-3082.127,-80955.07,0,-0,0,-0,-4586.498,2751.8989,1834.5992,-1478.5721,-1834.5992,3338.6787,-7321.3892,-2560.3794,-0,5.1014662
3,0,2038,,-36414.383,-3010.3516,-79537.047,0,-0,0,-0,-4479.6899,2687.814,1791.876,-1424.3672,-1791.876,3063.2905,-7013.1499,-2391.8286,-0,-30.590534
3,0,2039,,-35277.699,-2940.0557,-78140.273,0,-0,0,-0,-4375.0825,2625.0496,1750.0331,-1372.1721,-1750.0331,2816.644,-6718.5757,-2238.0498,-0,-61.112247
3,0,2040,,-34226.082,-2871.3047,-76765.992,0,-0,0,-0,-4272.7749,2563.6648,1709.11,-1321.9121,-1709.11,2634.6489,-6437.0371,-2113.8005,-0,-79.274651
3,0,2041,,-33227.785,-2804.1318,-75413.578,0,-0,0,-0,-4172.8149,2503.689,1669.1261,-1273.5145,-1669.1261,2483.4065,-6167.936,-2004.9248,-0,-91.846848
3,0,2042,,-32269.945,-2738.3179,-74083.727,0,-0,0,-0,-4074.8777,2444.9265,1629.951,-1235.8518,-1629.951,2350.5696,-5910.7002,-1906.35,-0,-103.04668
3,0,2043,,-31350.248,-2674.3296,-72776.188,0,-0,0,-0,-3979.657,2387.7942,1591.8628,-1190.6376,-1591.8628,2230.7236,-5664.7856,-1815.6156,-0,-110.35537
3,1,2022,,-60638.801,-3095.7014,-93806.07,0,-0,0,-0,-4777.3169,2866.3901,1910.9266,-1678.2013,-1910.9266,13868.906,-25101.711,-3794.8828,-0,2055.9561
3,1,2023,,-59023.223,-3027.9832,-92706.18,0,-0,0,-0,-4672.8135,2803.688,1869.1254,-1630.1387,-1869.1254,13434.476,-24421.654,-3976.5391,-0,1987.0428
3,1,2024,,-57449.887,-2961.7654,-91621.305,0,-0,0,-0,-4570.6255,2742.3752,1828.2501,-1583.3956,-1828.2501,13013.146,-23760.484,-4141.7979,-0,1920.3004
3,1,2025,,-55917.656,-2897.0139,-90551.258,0,-0,0,-0,-4470.7007,2682.4202,1788.2802,-1538.0854,-1788.2802,12604.517,-23117.381,-4291.4795,-0,1855.6307
3,1,2026,,-54398.418,-2830.8298,-89495.828,0,-0,0,-0,-4368.5645,2621.1387,1747.4258,-1493.7776,-1747.4258,12196.572,-22492.635,-4418.6411,-0,1791.0742
3,1,2027,,-52918.941,-2766.1687,-88454.836,0,-0,0,-0,-4268.7788,2561.2673,1707.5115,-1450.9877,-1707.5115,11801.088,-21885.348,-4531.0835,-0,1728.5182
3,1,2028,,-51478.168,-2702.9958,-87428.086,0,-0,0,-0,-4171.29,2502.7739,1668.516,-1409.4598,-1668.516,11417.688,-21295.045,-4629.5815,-0,1667.9427
3,1,2029,,-49864.227,-2628.0344,-86027.836,0,-0,0,-0,-4055.6084,2433.365,1622.2433,-1368.2357,-1622.2433,10999.139,-20647.926,-4696.355,-0,1601.7324
3,1,2030,,-48299.176,-2555.1499,-84651.422,0,-0,0,-0,-3943.1326,2365.8794,1577.2531,-1328.2346,-1577.2531,10595.178,-20021.469,-4749.9067,-0,1537.9385
3,1,2031,,-46770.602,-2490.6685,-83298.414,0,-0,0,-0,-3843.624,2306.1743,1537.4496,-1289.4198,-1537.4496,10238.147,-19414.293,-4594.0312,-0,1482.2559
3,1,2032,,-45290.645,-2427.8354,-81968.617,0,-0,0,-0,-3746.6594,2247.9956,1498.6638,-1251.7557,-1498.6638,9893.0957,-18825.943,-4443.311,-0,1428.5355
3,1,2033,,-43857.73,-2366.6028,-80661.219,0,-0,0,-0,-3652.1648,2191.2988,1460.8658,-1222.9504,-1460.8658,9559.6152,-18255.246,-4297.5737,-0,1375.1602
3,1,2034,,-42470.402,-2306.9495,-79377.141,0,-0,0,-0,-3560.1069,2136.0642,1424.0428,-1187.3398,-1424.0428,9237.335,-17702.445,-4156.6587,-0,1325.1908
3,1,2035,,-41127.047,-2248.8032,-78114.195,0,-0,0,-0,-3470.3752,2082.2251,1388.1501,-1152.7822,-1388.1501,8925.8223,-17167.109,-4020.373,-0,1276.9783
3,1,2036,,-39905.441,-2193.2771,-76874.508,0,-0,0,-0,-3384.6868,2030.812,1353.8748,-1119.246,-1353.8748,8654.0596,-16648.453,-3904.5156,-0,1236.188
3,1,2037,,-38721.137,-2139.2087,-75659.328,0,-0,0,-0,-3301.248,1980.7488,1320.4991,-1086.7007,-1320.4991,8390.9092,-16145.46,-3792.2344,-0,1196.7422
3,1,2038,,-37572.098,-2086.4377,-74461.906,0,-0,0,-0,-3219.8113,1931.8867,1287.9244,-1054.8119,-1287.9244,8135.771,-15658.356,-3683.2104,-0,1158.6072
3,1,2039,,-36457.918,-2034.9657,-73282.438,0,-0,0,-0,-3140.3789,1884.2274,1256.1516,-1024.0923,-1256.1516,7888.6445,-15186.443,-3577.5107,-0,1121.6803
3,1,2040,,-35375.945,-1984.8461,-72132.883,0,-0,0,-0,-3063.0339,1837.8204,1225.2136,-994.28107,-1225.2136,7648.6562,-14728.492,-3474.5701,-0,1085.8325
3,1,2041,,-34285.402,-1933.8191,-70809.68,0,-0,0,-0,-2984.2886,1790.5731,1193.7155,-964.87604,-1193.7155,7414.502,-14251.512,-3376.5125,-0,1051.1824
3,1,2042,,-33227.73,-1884.1946,-69522.188,0,-0,0,-0,-2907.7075,1744.6245,1163.083,-936.34808,-1163.083,7187.1733,-13790.214,-3280.9509,-0,1017.5487
3,1,2043,,-32204.422,-1835.7699,-68248.547,0,-0,0,-0,-2832.9783,1699.787,1133.1913,-908.67078,-1133.1913,6967.436,-13343.573,-3188.5278,-0,985.11499
3,1,2044,,-31212.992,-1788.6481,-67003.562,0,-0,0,-0,-2760.2593,1656.1555,1104.1036,-881.8186,-1104.1036,6754.5039,-12912.027,-3098.7419,-0,953.71661
3,1,2045,,-30249.533,-1742.5496,-65778.055,0,-0,0,-0,-2689.1196,1613.4718,1075.6478,-860.55933,-1075.6478,6548.1338,-12494.946,-3011.6619,-0,922.3855
3,0,2044,,-30464.057,-2611.8711,-71490.969,0,-0,0,-0,-3886.7129,2332.0278,1554.6852,-1155.8898,-1554.6852,2121.282,-5429.6738,-1731.5857,-0,-117.85862
3,0,2045,,-29608.848,-2550.9121,-70227.977,0,-0,0,-0,-3796,2277.6001,1518.4,-1113.6228,-1518.4,2020.595,-5204.8711,-1653.3898,-0,-122.2856
3,0,2046,,-28783.316,-2491.2581,-68984.68,0,-0,0,-0,-3707.229,2224.3374,1482.8916,-1097.3053,-1482.8916,1927.7097,-4989.9053,-1580.5684,-0,-130.49747
3,0,2047,,-27984.994,-2433.2144,-67765.391,0,-0,0,-0,-3620.8545,2172.5127,1448.3418,-1057.158,-1448.3418,1841.4971,-4784.3296,-1512.4818,-0,-132.80057
3,0,2048,,-27213.064,-2376.5725,-66567.805,0,-0,0,-0,-3536.5662,2121.9397,1414.6265,-1018.4971,-1414.6265,1761.5166,-4587.7153,-1448.7927,-0,-134.32143
3,0,2049,,-26468.973,-2320.8308,-65385.469,0,-0,0,-0,-3453.6172,2072.1704,1381.4469,-981.26721,-1381.4469,1687.6702,-4399.6543,-1389.543,-0,-135.00882
3,0,2050,,-25746.326,-2266.8772,-64230.824,0,-0,0,-0,-3373.3291,2023.9974,1349.3317,-945.41473,-1349.3317,1618.1191,-4219.7593,-1333.4407,-0,-135.32549
3,0,2051,,-25046.234,-2214.196,-63097.465,0,-0,0,-0,-3294.9348,1976.9608,1317.9739,-910.88831,-1317.9739,1552.9296,-4047.6592,-1280.6001,-0,-135.18655
3,0,2052,,-24368.025,-2162.8025,-61985.016,0,-0,0,-0,-3218.4561,1931.0737,1287.3824,-877.63843,-1287.3824,1491.7341,-3883.0012,-1230.7672,-0,-134.65738
3,0,2053,,-23710.576,-2112.6218,-60893.832,0,-0,0,-0,-3143.7822,1886.2694,1257.5129,-845.61737,-1257.5129,1434.0942,-3725.449,-1183.6536,-0,-133.80725
3,0,2054,,-23073.295,-2063.7212,-59824.105,0,-0,0,-0,-3071.0137,1842.6083,1228.4055,-814.7793,-1228.4055,1379.7699,-3574.6816,-1157.9104,-0,-132.68301
3,0,2055,,-22452.004,-2015.8367,-58772.383,0,-0,0,-0,-2999.7568,1799.8541,1199.9027,-785.08014,-1199.9027,1327.7048,-3430.3931,-1140.517,-0,-131.45563
3,0,2056,,-21852.428,-1969.3276,-57744.793,0,-0,0,-0,-2930.5471,1758.3282,1172.2189,-756.47736,-1172.2189,1279.1415,-3292.2922,-1124.7047,-0,-129.91098
3,0,2057,,-21270.578,-1924.2979,-56743.59,0,-0,0,-0,-2863.5386,1718.123,1145.4154,-728.93011,-1145.4154,1233.064,-3160.1008,-1109.9569,-0,-128.25635
3,0,2058,,-20705.924,-1880.1285,-55761.492,0,-0,0,-0,-2797.8103,1678.6862,1119.1241,-721.25238,-1119.1241,1189.3641,-3033.5537,-1096.2332,-0,-130.20251
3,0,2059,,-20154.4,-1836.5001,-54792.266,0,-0,0,-0,-2732.887,1639.7322,1093.1548,-694.96393,-1093.1548,1146.2915,-2912.3979,-1081.6715,-0,-128.36548
3,0,2060,,-19622.459,-1794.7124,-53856.535,0,-0,0,-0,-2670.7029,1602.4218,1068.2812,-669.646,-1068.2812,1106.7246,-2796.3928,-1069.585,-0,-126.24055
3,0,2061,,-19121.752,-1754.0328,-52939.387,0,-0,0,-0,-2610.1677,1566.1007,1044.0671,-645.26025,-1044.0671,1076.7942,-2685.2463,-1067.7512,-0,-122.50667
3,0,2062,,-18632.127,-1714.4148,-52033.309,0,-0,0,-0,-2551.2124,1530.7274,1020.485,-621.76788,-1020.485,1047.6039,-2578.6287,-1066.6245,-0,-118.92982
3,0,2063,,-18158.18,-1674.8558,-51125.695,0,-0,0,-0,-2492.345,1495.407,996.93799,-599.13196,-996.93799,1019.3101,-2476.2402,-1065.652,-0,-115.35201
3,0,2064,,-17691.479,-1636.4233,-50232.461,0,-0,0,-0,-2435.1538,1461.0923,974.06152,-577.31726,-974.06152,991.45337,-2377.8101,-1057.8416,-0,-111.98511
3,0,2065,,-17233.201,-1598.2473,-49340.797,0,-0,0,-0,-2378.3442,1427.0065,951.33765,-556.29028,-951.33765,964.00488,-2283.0928,-1050.0519,-0,-108.72463
3,1,2046,,-29319.295,-1697.8125,-64577.668,0,-0,0,-0,-2620.0808,1572.0486,1048.0323,-835.13928,-1048.0323,6348.3145,-12091.553,-2927.0378,-0,893.02881
3,1,2047,,-28417.174,-1654.2555,-63405.691,0,-0,0,-0,-2552.8633,1531.718,1021.1453,-810.47675,-1021.1453,6154.3584,-11701.312,-2844.5972,-0,864.54749
3,1,2048,,-27544.193,-1611.7893,-62249.363,0,-0,0,-0,-2487.3291,1492.3975,994.93164,-792.41907,-994.93164,5966.8203,-11324.071,-2765.0623,-0,835.89417
3,1,2049,,-26698.062,-1570.4357,-61117.738,0,-0,0,-0,-2423.5117,1454.1071,969.40472,-769.0213,-969.40472,5784.9648,-10959.472,-2687.4717,-0,809.30792
3,1,2050,,-25878.014,-1530.1881,-60011.738,0,-0,0,-0,-2361.4014,1416.8407,944.56049,-746.3205,-944.56049,5608.645,-10606.483,-2612.0337,-0,783.55304
3,1,2051,,-25038.004,-1484.9711,-58803.668,0,-0,0,-0,-2291.6218,1374.9731,916.64874,-740.14185,-916.64874,5427.584,-10252.823,-2533.3701,-0,754.15894
3,1,2052,,-24225.207,-1441.1279,-57624.074,0,-0,0,-0,-2223.9629,1334.3777,889.58514,-718.0943,-889.58514,5252.332,-9911.2568,-2456.4202,-0,728.93066
3,1,2053,,-23439.139,-1398.5422,-56464.629,0,-0,0,-0,-2158.2441,1294.9465,863.29767,-696.70691,-863.29767,5082.8618,-9581.4424,-2381.9023,-0,704.57159
3,1,2054,,-22678.533,-1357.2319,-55331.016,0,-0,0,-0,-2094.4937,1256.6962,837.79749,-675.95984,-837.79749,4918.8276,-9262.4521,-2309.6189,-0,681.01422
3,1,2055,,-21942.951,-1317.139,-54219.371,0,-0,0,-0,-2032.6221,1219.5732,813.04883,-655.83386,-813.04883,4760.208,-8954.4141,-2239.6179,-0,658.2652
3,1,2056,,-21230.945,-1278.2607,-53134.773,0,-0,0,-0,-1972.6246,1183.5747,789.04987,-636.31024,-789.04987,4606.5801,-8657.0234,-2171.6426,-0,636.24414
3,1,2057,,-20542.742,-1240.5192,-52068.66,0,-0,0,-0,-1914.3813,1148.6288,765.75256,-617.37097,-765.75256,4458.1689,-8369.6172,-2105.9224,-0,615.00922
3,1,2058,,-19876.73,-1203.9065,-51026.383,0,-0,0,-0,-1857.8804,1114.7283,743.15216,-598.99835,-743.15216,4314.4844,-8091.7617,-2042.1505,-0,594.46692
3,1,2059,,-19232.648,-1168.37,-50004,0,-0,0,-0,-1803.04,1081.824,721.216,-581.17542,-721.216,4175.5488,-7823.2798,-1980.3955,-0,574.63165
3,1,2060,,-18609.223,-1133.9193,-49006.996,0,-0,0,-0,-1749.8755,1049.9253,699.9502,-563.88568,-699.9502,4040.9932,-7563.9819,-1920.4362,-0,555.43158
3,1,2061,,-18006.393,-1100.4662,-48027.316,0,-0,0,-0,-1698.2502,1018.9501,679.30011,-547.11304,-679.30011,3910.9126,-7313.4575,-1862.3938,-0,536.90002
3,2,2022,,-66725.016,-3409.2058,-103554.49,0,-0,0,-0,-5261.1196,3156.6719,2104.448,-1703.9822,-2104.448,15264.03,-27261.01,-4102.4824,-0,2291.1204
3,2,2023,,-64951.816,-3334.8362,-102345.91,0,-0,0,-0,-5146.3521,3087.811,2058.5408,-1655.293,-2058.5408,14787.653,-26522.709,-4304.8936,-0,2214.7644
3,2,2024,,-63225.414,-3262.1301,-101154.02,0,-0,0,-0,-5034.1514,3020.4907,2013.6605,-1608.0374,-2013.6605,14325.797,-25805.369,-4489.3867,-0,2140.8203
3,2,2025,,-61544.586,-3191.0649,-99979.523,0,-0,0,-0,-4924.4829,2954.6897,1969.7931,-1572.2031,-1969.7931,13878.033,-25108.045,-4656.8804,-0,2067.208
3,2,2026,,-59878.051,-3118.4058,-98820.188,0,-0,0,-0,-4812.3545,2887.4128,1924.9418,-1527.5493,-1924.9418,13431.005,-24430.564,-4799.6855,-0,1995.7032
3,2,2027,,-58254.809,-3047.4436,-97679.758,0,-0,0,-0,-4702.8452,2821.707,1881.1381,-1484.2054,-1881.1381,12997.484,-23771.523,-4926.2671,-0,1926.4288
3,2,2028,,-56675.137,-2978.2141,-96558.82,0,-0,0,-0,-4596.0093,2757.6055,1838.4037,-1441.7196,-1838.4037,12577.615,-23130.635,-5037.792,-0,1859.4989
3,2,2029,,-54901.945,-2895.8154,-95019.07,0,-0,0,-0,-4468.8511,2681.3105,1787.5403,-1399.7247,-1787.5403,12117.924,-22428.797,-5113.8408,-0,1786.1322
3,2,2030,,-53180.762,-2815.7637,-93515.82,0,-0,0,-0,-4345.314,2607.1885,1738.1256,-1358.9719,-1738.1256,11673.585,-21748.264,-5174.8535,-0,1715.2979
3,2,2031,,-51501.453,-2744.8879,-92026.578,0,-0,0,-0,-4235.938,2541.563,1694.3752,-1319.424,-1694.3752,11281.654,-21089.48,-5005.564,-0,1653.5715
3,2,2032,,-49873.758,-2675.9275,-90575.266,0,-0,0,-0,-4129.5176,2477.7104,1651.807,-1281.0448,-1651.807,10902.183,-20450.607,-4841.3936,-0,1593.8665
3,2,2033,,-48299.57,-2608.676,-89139.906,0,-0,0,-0,-4025.7346,2415.4407,1610.2938,-1243.7996,-1610.2938,10536.115,-19831.75,-4683.1396,-0,1536.4047
3,2,2034,,-46770.703,-2542.876,-87724.82,0,-0,0,-0,-3924.1912,2354.5146,1569.6765,-1214.4152,-1569.6765,10182.172,-19231.838,-4530.2627,-0,1479.6163
3,2,2035,,-45293.812,-2479.0073,-86341.375,0,-0,0,-0,-3825.6284,2295.377,1530.2513,-1179.1344,-1530.2513,9839.7559,-18651.104,-4381.9619,-0,1426.0742
3,2,2036,,-43952.516,-2417.9666,-84974.766,0,-0,0,-0,-3731.4297,2238.8579,1492.5719,-1153.4354,-1492.5719,9541.7041,-18088.154,-4256.9233,-0,1379.1396
3,2,2037,,-42650.949,-2358.509,-83637.594,0,-0,0,-0,-3639.6743,2183.8044,1455.8696,-1119.9392,-1455.8696,9252.6377,-17542.057,-4135.0483,-0,1335.3661
3,2,2038,,-41389.93,-2300.4946,-82315.469,0,-0,0,-0,-3550.146,2130.0876,1420.0585,-1111.5022,-1420.0585,8973.0518,-17013.611,-4018.249,-0,1288.2986
3,2,2039,,-40166.48,-2243.9849,-81021.016,0,-0,0,-0,-3462.9395,2077.7637,1385.1758,-1079.2006,-1385.1758,8701.9766,-16501.197,-3903.7456,-0,1247.5203
3,2,2040,,-38979.711,-2188.8364,-79745.289,0,-0,0,-0,-3377.8337,2026.7003,1351.1335,-1047.8527,-1351.1335,8439.249,-16004.487,-3792.6274,-0,1208.0529
3,2,2041,,-37780.473,-2132.7178,-78289.914,0,-0,0,-0,-3291.231,1974.7385,1316.4923,-1016.9104,-1316.4923,8181.7715,-15486.164,-3686.0027,-0,1169.6741
3,2,2042,,-36619.57,-2078.0229,-76857,0,-0,0,-0,-3206.8254,1924.0953,1282.7302,-986.88989,-1282.7302,7932.6509,-14984.849,-3582.718,-0,1132.6063
3,2,2043,,-35494.469,-2024.7595,-75454.273,0,-0,0,-0,-3124.6287,1874.7772,1249.8514,-957.76343,-1249.8514,7691.1094,-14500.311,-3482.2979,-0,1096.6991
3,2,2044,,-34404.227,-1972.9036,-74081.805,0,-0,0,-0,-3044.604,1826.7625,1217.8417,-929.50427,-1217.8417,7456.9785,-14031.807,-3384.7031,-0,1061.9268
3,2,2045,,-33348.461,-1922.3442,-72730.602,0,-0,0,-0,-2966.5806,1779.9484,1186.6322,-902.08636,-1186.6322,7230.3037,-13578.586,-3290.0576,-0,1028.3173
3,2,2046,,-32325.941,-1873.0815,-71403.172,0,-0,0,-0,-2890.5579,1734.3347,1156.2231,-875.48456,-1156.2231,7010.7959,-13140.288,-3198.2351,-0,995.81793
3,2,2047,,-31335.541,-1825.2286,-70111.266,0,-0,0,-0,-2816.7109,1690.0265,1126.6843,-849.67438,-1126.6843,6798.1836,-12716.634,-3109.0896,-0,964.3653
3,2,2048,,-30375.482,-1778.4935,-68836.109,0,-0,0,-0,-2744.5889,1646.7532,1097.8356,-824.63202,-1097.8356,6591.9819,-12306.851,-3022.4009,-0,933.90314
3,2,2049,,-29445.459,-1732.9563,-67583.852,0,-0,0,-0,-2674.3152,1604.5891,1069.7261,-800.33459,-1069.7261,6392.2246,-11910.602,-2938.2383,-0,904.43304
3,2,2050,,-28542.004,-1688.7115,-66374.711,0,-0,0,-0,-2606.0364,1563.6217,1042.4146,-776.7597,-1042.4146,6197.729,-11527.651,-2855.7961,-0,875.71112
3,2,2051,,-27617.477,-1638.8713,-65038.434,0,-0,0,-0,-2529.1223,1517.4734,1011.6489,-753.67865,-1011.6489,5998.3789,-11143.734,-2769.384,-0,846.61047
3,2,2052,,-26723.025,-1590.5149,-63730.176,0,-0,0,-0,-2454.4983,1472.699,981.79926,-731.28717,-981.79926,5805.4736,-10772.683,-2685.6045,-0,818.47766
3,2,2053,,-25856.184,-1543.7079,-62464.637,0,-0,0,-0,-2382.2651,1429.3591,952.90607,-709.56464,-952.90607,5618.23,-10414.295,-2603.9541,-0,791.1521
3,2,2054,,-25018.785,-1498.2344,-61216.094,0,-0,0,-0,-2312.0898,1387.254,924.836,-688.49097,-924.836,5437.522,-10068.104,-2525.1467,-0,764.83923
3,2,2055,,-24209.086,-1454.0503,-59987.07,0,-0,0,-0,-2243.9048,1346.3428,897.56189,-668.04663,-897.56189,5262.8384,-9733.3457,-2448.8818,-0,739.44617
3,2,2056,,-23425.678,-1411.1759,-58783.855,0,-0,0,-0,-2177.7405,1306.6443,871.09619,-665.09375,-871.09619,5093.7861,-9410.0586,-2375.5828,-0,711.51941
3,2,2057,,-22667.711,-1369.7891,-57625,0,-0,0,-0,-2113.8721,1268.3232,845.54883,-645.32739,-845.54883,4930.166,-9097.6416,-2303.7959,-0,687.85815
3,2,2058,,-21934.623,-1329.4164,-56470.559,0,-0,0,-0,-2051.5686,1230.9412,820.62744,-626.15173,-820.62744,4771.9443,-8795.9971,-2234.3208,-0,665.03314
3,2,2059,,-21225.316,-1290.238,-55340.18,0,-0,0,-0,-1991.108,1194.6648,796.44324,-607.54907,-796.44324,4618.8164,-8504.4434,-2166.9502,-0,642.96503
3,2,2060,,-20539.166,-1252.229,-54233.844,0,-0,0,-0,-1932.452,1159.4712,772.98083,-589.50214,-772.98083,4470.6743,-8222.7354,-2101.6597,-0,621.63843
3,2,2061,,-19872.066,-1215.5764,-53185.613,0,-0,0,-0,-1875.8895,1125.5337,750.35583,-571.99432,-750.35583,4326.0469,-7950.5239,-2037.3925,-0,600.7395
3,3,2022,,-60638.801,-3095.7014,-93806.07,0,-0,0,-0,-4777.3169,2866.3901,1910.9266,-1678.2013,-1910.9266,13868.906,-25101.711,-3794.8828,-0,2055.9561
3,3,2023,,-59023.223,-3027.9832,-92706.18,0,-0,0,-0,-4672.8135,2803.688,1869.1254,-1630.1387,-1869.1254,13434.476,-24421.654,-3976.5391,-0,1987.0428
3,3,2024,,-57449.887,-2961.7654,-91621.305,0,-0,0,-0,-4570.6255,2742.3752,1828.2501,-1583.3956,-1828.2501,13013.146,-23760.484,-4141.7979,-0,1920.3004
3,3,2025,,-55917.656,-2897.0139,-90551.258,0,-0,0,-0,-4470.7007,2682.4202,1788.2802,-1538.0854,-1788.2802,12604.517,-23117.381,-4291.4795,-0,1855.6307
3,3,2026,,-54398.418,-2830.8298,-89495.828,0,-0,0,-0,-4368.5645,2621.1387,1747.4258,-1493.7776,-1747.4258,12196.572,-22492.635,-4418.6411,-0,1791.0742
3,3,2027,,-52918.941,-2766.1687,-88454.836,0,-0,0,-0,-4268.7788,2561.2673,1707.5115,-1450.9877,-1707.5115,11801.088,-21885.348,-4531.0835,-0,1728.5182
3,3,2028,,-51478.168,-2702.9958,-87428.086,0,-0,0,-0,-4171.29,2502.7739,1668.516,-1409.4598,-1668.516,11417.688,-21295.045,-4629.5815,-0,1667.9427
3,3,2029,,-49864.227,-2628.0344,-86027.836,0,-0,0,-0,-4055.6084,2433.365,1622.2433,-1368.2357,-1622.2433,10999.139,-20647.926,-4696.355,-0,1601.7324
3,3,2030,,-48299.176,-2555.1499,-84651.422,0,-0,0,-0,-3943.1326,2365.8794,1577.2531,-1328.2346,-1577.2531,10595.178,-20021.469,-4749.9067,-0,1537.9385
3,3,2031,,-46770.602,-2490.6685,-83298.414,0,-0,0,-0,-3843.624,2306.1743,1537.4496,-1289.4198,-1537.4496,10238.147,-19414.293,-4594.0312,-0,1482.2559
3,3,2032,,-45290.645,-2427.8354,-81968.617,0,-0,0,-0,-3746.6594,2247.9956,1498.6638,-1251.7557,-1498.6638,9893.0957,-18825.943,-4443.311,-0,1428.5355
3,3,2033,,-43857.73,-2366.6028,-80661.219,0,-0,0,-0,-3652.1648,2191.2988,1460.8658,-1222.9504,-1460.8658,9559.6152,-18255.246,-4297.5737,-0,1375.1602
3,3,2034,,-42470.402,-2306.9495,-79377.141,0,-0,0,-0,-3560.1069,2136.0642,1424.0428,-1187.3398,-1424.0428,9237.335,-17702.445,-4156.6587,-0,1325.1908
3,3,2035,,-41127.047,-2248.8032,-78114.195,0,-0,0,-0,-3470.3752,2082.2251,1388.1501,-1152.7822,-1388.1501,8925.8223,-17167.109,-4020.373,-0,1276.9783
3,3,2036,,-39905.441,-2193.2771,-76874.508,0,-0,0,-0,-3384.6868,2030.812,1353.8748,-1119.246,-1353.8748,8654.0596,-16648.453,-3904.5156,-0,1236.188
3,3,2037,,-38721.137,-2139.2087,-75659.328,0,-0,0,-0,-3301.248,1980.7488,1320.4991,-1086.7007,-1320.4991,8390.9092,-16145.46,-3792.2344,-0,1196.7422
3,3,2038,,-37572.098,-2086.4377,-74461.906,0,-0,0,-0,-3219.8113,1931.8867,1287.9244,-1054.8119,-1287.9244,8135.771,-15658.356,-3683.2104,-0,1158.6072
3,3,2039,,-36457.918,-2034.9657,-73282.438,0,-0,0,-0,-3140.3789,1884.2274,1256.1516,-1024.0923,-1256.1516,7888.6445,-15186.443,-3577.5107,-0,1121.6803
3,3,2040,,-35375.945,-1984.8461,-72132.883,0,-0,0,-0,-3063.0339,1837.8204,1225.2136,-994.28107,-1225.2136,7648.6562,-14728.492,-3474.5701,-0,1085.8325
3,3,2041,,-34285.402,-1933.8191,-70809.68,0,-0,0,-0,-2984.2886,1790.5731,1193.7155,-964.87604,-1193.7155,7414.502,-14251.512,-3376.5125,-0,1051.1824
3,3,2042,,-33227.73,-1884.1946,-69522.188,0,-0,0,-0,-2907.7075,1744.6245,1163.083,-936.34808,-1163.083,7187.1733,-13790.214,-3280.9509,-0,1017.5487
3,3,2043,,-32204.422,-1835.7699,-68248.547,0,-0,0,-0,-2832.9783,1699.787,1133.1913,-908.67078,-1133.1913,6967.436,-13343.573,-3188.5278,-0,985.11499
3,3,2044,,-31212.992,-1788.6481,-67003.562,0,-0,0,-0,-2760.2593,1656.1555,1104.1036,-881.8186,-1104.1036,6754.5039,-12912.027,-3098.7419,-0,953.71661
3,3,2045,,-30249.533,-1742.5496,-65778.055,0,-0,0,-0,-2689.1196,1613.4718,1075.6478,-860.55933,-1075.6478,6548.1338,-12494.946,-3011.6619,-0,922.3855
3,3,2046,,-29319.295,-1697.8125,-64577.668,0,-0,0,-0,-2620.0808,1572.0486,1048.0323,-835.13928,-1048.0323,6348.3145,-12091.553,-2927.0378,-0,893.02881
3,3,2047,,-28417.174,-1654.2555,-63405.691,0,-0,0,-0,-2552.8633,1531.718,1021.1453,-810.47675,-1021.1453,6154.3584,-11701.312,-2844.5972,-0,864.54749
3,3,2048,,-27544.193,-1611.7893,-62249.363,0,-0,0,-0,-2487.3291,1492.3975,994.93164,-792.41907,-994.93164,5966.8203,-11324.071,-2765.0623,-0,835.89417
3,3,2049,,-26698.062,-1570.4357,-61117.738,0,-0,0,-0,-2423.5117,1454.1071,969.40472,-769.0213,-969.40472,5784.9648,-10959.472,-2687.4717,-0,809.30792
3,3,2050,,-25878.014,-1530.1881,-60011.738,0,-0,0,-0,-2361.4014,1416.8407,944.56049,-746.3205,-944.56049,5608.645,-10606.483,-2612.0337,-0,783.55304
3,3,2051,,-25038.004,-1484.9711,-58803.668,0,-0,0,-0,-2291.6218,1374.9731,916.64874,-740.14185,-916.64874,5427.584,-10252.823,-2533.3701,-0,754.15894
3,3,2052,,-24225.207,-1441.1279,-57624.074,0,-0,0,-0,-2223.9629,1334.3777,889.58514,-718.0943,-889.58514,5252.332,-9911.2568,-2456.4202,-0,728.93066
3,3,2053,,-23439.139,-1398.5422,-56464.629,0,-0,0,-0,-2158.2441,1294.9465,863.29767,-696.70691,-863.29767,5082.8618,-9581.4424,-2381.9023,-0,704.57159
3,3,2054,,-22678.533,-1357.2319,-55331.016,0,-0,0,-0,-2094.4937,1256.6962,837.79749,-675.95984,-837.79749,4918.8276,-9262.4521,-2309.6189,-0,681.01422
3,3,2055,,-21942.951,-1317.139,-54219.371,0,-0,0,-0,-2032.6221,1219.5732,813.04883,-655.83386,-813.04883,4760.208,-8954.4141,-2239.6179,-0,658.2652
3,3,2056,,-21230.945,-1278.2607,-53134.773,0,-0,0,-0,-1972.6246,1183.5747,789.04987,-636.31024,-789.04987,4606.5801,-8657.0234,-2171.6426,-0,636.24414
3,3,2057,,-20542.742,-1240.5192,-52068.66,0,-0,0,-0,-1914.3813,1148.6288,765.75256,-617.37097,-765.75256,4458.1689,-8369.6172,-2105.9224,-0,615.00922
3,3,2058,,-19876.73,-1203.9065,-51026.383,0,-0,0,-0,-1857.8804,1114.7283,743.15216,-598.99835,-743.15216,4314.4844,-8091.7617,-2042.1505,-0,594.46692
3,3,2059,,-19232.648,-1168.37,-50004,0,-0,0,-0,-1803.04,1081.824,721.216,-581.17542,-721.216,4175.5488,-7823.2798,-1980.3955,-0,574.63165
3,3,2060,,-18609.223,-1133.9193,-49006.996,0,-0,0,-0,-1749.8755,1049.9253,699.9502,-563.88568,-699.9502,4040.9932,-7563.9819,-1920.4362,-0,555.43158
3,3,2061,,-18006.393,-1100.4662,-48027.316,0,-0,0,-0,-1698.2502,1018.9501,679.30011,-547.11304,-679.30011,3910.9126,-7313.4575,-1862.3938,-0,536.90002
3,4,2022,,-54577.812,-2783.9492,-84151.164,0,-0,0,-0,-4296.2178,2577.7307,1718.4872,-1589.422,-1718.4872,12483.494,-22915.047,-3488.9011,-0,1835.1174
3,4,2023,,-53121.191,-2722.917,-83159.898,0,-0,0,-0,-4202.0322,2521.2195,1680.813,-1543.8398,-1680.813,12091.487,-22293.877,-3650.2087,-0,1773.3672
3,4,2024,,-51702.703,-2663.2397,-82182.203,0,-0,0,-0,-4109.9375,2465.9626,1643.9751,-1499.6029,-1643.9751,11711.323,-21689.646,-3796.7549,-0,1713.5497
3,4,2025,,-50321.344,-2604.8872,-81217.891,0,-0,0,-0,-4019.8875,2411.9326,1607.955,-1456.6709,-1607.955,11342.652,-21102.17,-3929.2864,-0,1655.6057
3,4,2026,,-48951.707,-2545.2471,-80266.789,0,-0,0,-0,-3927.8503,2356.7102,1571.1401,-1415.0045,-1571.1401,10974.621,-20531.682,-4041.54,-0,1597.6956
3,4,2027,,-47617.84,-2486.9788,-79328.727,0,-0,0,-0,-3837.9299,2302.7581,1535.172,-1374.5659,-1535.172,10617.807,-19976.57,-4140.5264,-0,1541.614
3,4,2028,,-46318.801,-2430.0508,-78403.539,0,-0,0,-0,-3750.0781,2250.0469,1500.0312,-1335.3181,-1500.0312,10271.874,-19436.439,-4226.9468,-0,1487.3053
3,4,2029,,-44864.66,-2362.5601,-77144.805,0,-0,0,-0,-3645.926,2187.5557,1458.3705,-1296.3263,-1458.3705,9894.5957,-18844.773,-4284.957,-0,1427.9801
3,4,2030,,-43454.457,-2296.9377,-75907.547,0,-0,0,-0,-3544.657,2126.7942,1417.8628,-1305.9946,-1417.8628,9530.4307,-18272.422,-4333.3086,-0,1361.3148
3,4,2031,,-42077.109,-2238.8757,-74691.375,0,-0,0,-0,-3455.0552,2073.0332,1382.0221,-1267.7531,-1382.0221,9208.4873,-17718.062,-4190.9897,-0,1311.7428
3,4,2032,,-40743.477,-2182.293,-73495.938,0,-0,0,-0,-3367.7358,2020.6415,1347.0944,-1230.6469,-1347.0944,8897.3086,-17180.652,-4053.3416,-0,1263.9138
3,4,2033,,-39452.16,-2127.1511,-72320.867,0,-0,0,-0,-3282.6406,1969.5844,1313.0563,-1194.6421,-1313.0563,8596.5361,-16659.721,-3920.2114,-0,1217.7678
3,4,2034,,-38201.816,-2073.4138,-71165.82,0,-0,0,-0,-3199.7126,1919.8276,1279.8851,-1159.6193,-1279.8851,8305.8242,-16154.632,-3791.4504,-0,1173.2643
3,4,2035,,-36991.148,-2021.0454,-70030.438,0,-0,0,-0,-3118.8972,1871.3383,1247.5588,-1125.7,-1247.5588,8024.8389,-15665.123,-3666.9163,-0,1130.3163
3,4,2036,,-35890.164,-1971.0236,-68914.391,0,-0,0,-0,-3041.7029,1825.0217,1216.6812,-1092.5543,-1216.6812,7779.6724,-15191.21,-3560.8503,-0,1094.0876
3,4,2037,,-34822.281,-1922.2512,-67817.352,0,-0,0,-0,-2966.437,1779.8622,1186.5748,-1060.5629,-1186.5748,7542.0854,-14732.162,-3457.9275,-0,1058.9897
3,4,2038,,-33786.57,-1874.7,-66738.984,0,-0,0,-0,-2893.0554,1735.8333,1157.2222,-1029.5215,-1157.2222,7311.8687,-14287.315,-3358.0713,-0,1025.0253
3,4,2039,,-32782.023,-1828.338,-65678.977,0,-0,0,-0,-2821.5093,1692.9055,1128.6036,-999.40137,-1128.6036,7088.7793,-13855.939,-3261.1802,-0,992.15509
3,4,2040,,-31807.768,-1783.1383,-64637.027,0,-0,0,-0,-2751.7563,1651.0538,1100.7025,-970.17517,-1100.7025,6872.6221,-13437.612,-3167.1824,-0,960.34906
3,4,2041,,-30825.346,-1737.2108,-63448.75,0,-0,0,-0,-2680.8809,1608.5284,1072.3523,-941.38983,-1072.3523,6661.5259,-13001.92,-3077.4504,-0,929.55707
3,4,2042,,-29873.664,-1692.4745,-62283.402,0,-0,0,-0,-2611.8433,1567.106,1044.7373,-913.46533,-1044.7373,6457.02,-12580.213,-2990.3218,-0,899.76367
3,4,2043,,-28951.742,-1648.8983,-61140.531,0,-0,0,-0,-2544.5962,1526.7577,1017.8384,-886.37573,-1017.8384,6258.8945,-12172.409,-2905.7185,-0,870.93622
3,4,2044,,-28058.646,-1606.4524,-60019.695,0,-0,0,-0,-2479.093,1487.4558,991.63727,-860.09595,-991.63727,6066.9492,-11778.485,-2823.5667,-0,843.04346
3,4,2045,,-27193.469,-1565.1091,-58920.617,0,-0,0,-0,-2415.2917,1449.175,966.1167,-839.89227,-966.1167,5880.9897,-11397.813,-2743.7937,-0,814.9964
3,4,2046,,-26355.322,-1524.8362,-57842.578,0,-0,0,-0,-2353.1423,1411.8854,941.2569,-815.0423,-941.2569,5700.8257,-11029.417,-2666.3293,-0,788.90546
3,4,2047,,-25543.371,-1485.6185,-56786.098,0,-0,0,-0,-2292.6211,1375.5726,917.04846,-790.93384,-917.04846,5526.2793,-10673.32,-2591.1067,-0,763.65967
3,4,2048,,-24756.707,-1447.4084,-55749.492,0,-0,0,-0,-2233.6548,1340.1929,893.46198,-767.54462,-893.46198,5357.1445,-10328.98,-2518.042,-0,739.22778
3,4,2049,,-23994.658,-1410.1886,-54732.562,0,-0,0,-0,-2176.2168,1305.7301,870.48676,-744.85297,-870.48676,5193.2983,-9995.9033,-2447.1047,-0,715.59186
3,4,2050,,-23256.146,-1373.9414,-53736.773,0,-0,0,-0,-2120.28,1272.168,848.112,-722.83801,-848.112,5034.4561,-9673.8369,-2378.1453,-0,692.70142
3,4,2051,,-22499.654,-1333.2721,-52653.379,0,-0,0,-0,-2057.5186,1234.5111,823.00739,-701.30121,-823.00739,4871.3389,-9351.1172,-2305.7173,-0,669.40619
3,4,2052,,-21768.041,-1293.8545,-51595.539,0,-0,0,-0,-1996.689,1198.0134,798.6756,-680.24634,-798.6756,4713.5947,-9039.2021,-2235.5525,-0,646.93475
3,4,2053,,-21060.229,-1255.5685,-50556.793,0,-0,0,-0,-1937.6056,1162.5634,775.04224,-659.95648,-775.04224,4560.9561,-8737.8613,-2167.5305,-0,625.19159
3,4,2054,,-20375.438,-1218.4248,-49540.379,0,-0,0,-0,-1880.285,1128.171,752.11401,-640.2749,-752.11401,4413.2505,-8446.7314,-2101.574,-0,604.17249
3,4,2055,,-19712.281,-1182.4143,-48550.867,0,-0,0,-0,-1824.7135,1094.8281,729.88538,-621.18323,-729.88538,4270.0718,-8165.7202,-2037.4316,-0,583.80084
3,4,2056,,-19071.725,-1147.4391,-47574.934,0,-0,0,-0,-1770.7393,1062.4435,708.29572,-602.6637,-708.29572,4131.9219,-7894.0166,-1975.5355,-0,564.19269
3,4,2057,,-18452.035,-1113.5068,-46619.852,0,-0,0,-0,-1718.3746,1031.0248,687.34985,-584.6991,-687.34985,3998.251,-7631.6855,-1915.5275,-0,545.24054
3,4,2058,,-17852.635,-1080.5812,-45684.199,0,-0,0,-0,-1667.5636,1000.5381,667.02539,-567.27277,-667.02539,3868.9546,-7378.208,-1857.381,-0,526.9314
3,4,2059,,-17272.154,-1048.6808,-44774.68,0,-0,0,-0,-1618.3345,971.00067,647.3338,-550.36853,-647.3338,3743.6152,-7133.2988,-1800.835,-0,509.18268
3,4,2060,,-16711.314,-1017.6827,-43877.305,0,-0,0,-0,-1570.498,942.29883,628.19922,-533.97058,-628.19922,3622.6243,-6896.6064,-1746.2239,-0,492.09103
3,4,2061,,-16168.736,-987.63092,-43001.016,0,-0,0,-0,-1524.1218,914.47308,609.64874,-518.06372,-609.64874,3505.552,-6667.8594,-1693.272,-0,475.56802
3,5,2022,,-54577.812,-2783.9492,-84151.164,0,-0,0,-0,-4296.2178,2577.7307,1718.4872,-1589.422,-1718.4872,12483.494,-22915.047,-3488.9011,-0,1835.1174
3,5,2023,,-53121.191,-2722.917,-83159.898,0,-0,0,-0,-4202.0322,2521.2195,1680.813,-1543.8398,-1680.813,12091.487,-22293.877,-3650.2087,-0,1773.3672
3,5,2024,,-51702.703,-2663.2397,-82182.203,0,-0,0,-0,-4109.9375,2465.9626,1643.9751,-1499.6029,-1643.9751,11711.323,-21689.646,-3796.7549,-0,1713.5497
3,5,2025,,-50321.344,-2604.8872,-81217.891,0,-0,0,-0,-4019.8875,2411.9326,1607.955,-1456.6709,-1607.955,11342.652,-21102.17,-3929.2864,-0,1655.6057
3,5,2026,,-48951.707,-2545.2471,-80266.789,0,-0,0,-0,-3927.8503,2356.7102,1571.1401,-1415.0045,-1571.1401,10974.621,-20531.682,-4041.54,-0,1597.6956
3,5,2027,,-47617.84,-2486.9788,-79328.727,0,-0,0,-0,-3837.9299,2302.7581,1535.172,-1374.5659,-1535.172,10617.807,-19976.57,-4140.5264,-0,1541.614
3,5,2028,,-46318.801,-2430.0508,-78403.539,0,-0,0,-0,-3750.0781,2250.0469,1500.0312,-1335.3181,-1500.0312,10271.874,-19436.439,-4226.9468,-0,1487.3053
3,5,2029,,-44864.66,-2362.5601,-77144.805,0,-0,0,-0,-3645.926,2187.5557,1458.3705,-1296.3263,-1458.3705,9894.5957,-18844.773,-4284.957,-0,1427.9801
3,5,2030,,-43454.457,-2296.9377,-75907.547,0,-0,0,-0,-3544.657,2126.7942,1417.8628,-1305.9946,-1417.8628,9530.4307,-18272.422,-4333.3086,-0,1361.3148
3,5,2031,,-42077.109,-2238.8757,-74691.375,0,-0,0,-0,-3455.0552,2073.0332,1382.0221,-1267.7531,-1382.0221,9208.4873,-17718.062,-4190.9897,-0,1311.7428
3,5,2032,,-40743.477,-2182.293,-73495.938,0,-0,0,-0,-3367.7358,2020.6415,1347.0944,-1230.6469,-1347.0944,8897.3086,-17180.652,-4053.3416,-0,1263.9138
3,5,2033,,-39452.16,-2127.1511,-72320.867,0,-0,0,-0,-3282.6406,1969.5844,1313.0563,-1194.6421,-1313.0563,8596.5361,-16659.721,-3920.2114,-0,1217.7678
3,5,2034,,-38201.816,-2073.4138,-71165.82,0,-0,0,-0,-3199.7126,1919.8276,1279.8851,-1159.6193,-1279.8851,8305.8242,-16154.632,-3791.4504,-0,1173.2643
3,5,2035,,-36991.148,-2021.0454,-70030.438,0,-0,0,-0,-3118.8972,1871.3383,1247.5588,-1125.7,-1247.5588,8024.8389,-15665.123,-3666.9163,-0,1130.3163
3,5,2036,,-35890.164,-1971.0236,-68914.391,0,-0,0,-0,-3041.7029,1825.0217,1216.6812,-1092.5543,-1216.6812,7779.6724,-15191.21,-3560.8503,-0,1094.0876
3,5,2037,,-34822.281,-1922.2512,-67817.352,0,-0,0,-0,-2966.437,1779.8622,1186.5748,-1060.5629,-1186.5748,7542.0854,-14732.162,-3457.9275,-0,1058.9897
3,5,2038,,-33786.57,-1874.7,-66738.984,0,-0,0,-0,-2893.0554,1735.8333,1157.2222,-1029.5215,-1157.2222,7311.8687,-14287.315,-3358.0713,-0,1025.0253
3,5,2039,,-32782.023,-1828.338,-65678.977,0,-0,0,-0,-2821.5093,1692.9055,1128.6036,-999.40137,-1128.6036,7088.7793,-13855.939,-3261.1802,-0,992.15509
3,5,2040,,-31807.768,-1783.1383,-64637.027,0,-0,0,-0,-2751.7563,1651.0538,1100.7025,-970.17517,-1100.7025,6872.6221,-13437.612,-3167.1824,-0,960.34906
3,5,2041,,-30825.346,-1737.2108,-63448.75,0,-0,0,-0,-2680.8809,1608.5284,1072.3523,-941.38983,-1072.3523,6661.5259,-13001.92,-3077.4504,-0,929.55707
3,5,2042,,-29873.664,-1692.4745,-62283.402,0,-0,0,-0,-2611.8433,1567.106,1044.7373,-913.46533,-1044.7373,6457.02,-12580.213,-2990.3218,-0,899.76367
3,5,2043,,-28951.742,-1648.8983,-61140.531,0,-0,0,-0,-2544.5962,1526.7577,1017.8384,-886.37573,-1017.8384,6258.8945,-12172.409,-2905.7185,-0,870.93622
3,5,2044,,-28058.646,-1606.4524,-60019.695,0,-0,0,-0,-2479.093,1487.4558,991.63727,-860.09595,-991.63727,6066.9492,-11778.485,-2823.5667,-0,843.04346
3,5,2045,,-27193.469,-1565.1091,-58920.617,0,-0,0,-0,-2415.2917,1449.175,966.1167,-839.89227,-966.1167,5880.9897,-11397.813,-2743.7937,-0,814.9964
3,5,2046,,-26355.322,-1524.8362,-57842.578,0,-0,0,-0,-2353.1423,1411.8854,941.2569,-815.0423,-941.2569,5700.8257,-11029.417,-2666.3293,-0,788.90546
3,5,2047,,-25543.371,-1485.6185,-56786.098,0,-0,0,-0,-2292.6211,1375.5726,917.04846,-790.93384,-917.04846,5526.2793,-10673.32,-2591.1067,-0,763.65967
3,5,2048,,-24756.707,-1447.4084,-55749.492,0,-0,0,-0,-2233.6548,1340.1929,893.46198,-767.54462,-893.46198,5357.1445,-10328.98,-2518.042,-0,739.22778
3,5,2049,,-23994.658,-1410.1886,-54732.562,0,-0,0,-0,-2176.2168,1305.7301,870.48676,-744.85297,-870.48676,5193.2983,-9995.9033,-2447.1047,-0,715.59186
3,5,2050,,-23256.146,-1373.9414,-53736.773,0,-0,0,-0,-2120.28,1272.168,848.112,-722.83801,-848.112,5034.4561,-9673.8369,-2378.1453,-0,692.70142
3,5,2051,,-22499.654,-1333.2721,-52653.379,0,-0,0,-0,-2057.5186,1234.5111,823.00739,-701.30121,-823.00739,4871.3389,-9351.1172,-2305.7173,-0,669.40619
3,5,2052,,-21768.041,-1293.8545,-51595.539,0,-0,0,-0,-1996.689,1198.0134,798.6756,-680.24634,-798.6756,4713.5947,-9039.2021,-2235.5525,-0,646.93475
3,5,2053,,-21060.229,-1255.5685,-50556.793,0,-0,0,-0,-1937.6056,1162.5634,775.04224,-659.95648,-775.04224,4560.9561,-8737.8613,-2167.5305,-0,625.19159
3,5,2054,,-20375.438,-1218.4248,-49540.379,0,-0,0,-0,-1880.285,1128.171,752.11401,-640.2749,-752.11401,4413.2505,-8446.7314,-2101.574,-0,604.17249
3,5,2055,,-19712.281,-1182.4143,-48550.867,0,-0,0,-0,-1824.7135,1094.8281,729.88538,-621.18323,-729.88538,4270.0718,-8165.7202,-2037.4316,-0,583.80084
3,5,2056,,-19071.725,-1147.4391,-47574.934,0,-0,0,-0,-1770.7393,1062.4435,708.29572,-602.6637,-708.29572,4131.9219,-7894.0166,-1975.5355,-0,564.19269
3,5,2057,,-18452.035,-1113.5068,-46619.852,0,-0,0,-0,-1718.3746,1031.0248,687.34985,-584.6991,-687.34985,3998.251,-7631.6855,-1915.5275,-0,545.24054
3,5,2058,,-17852.635,-1080.5812,-45684.199,0,-0,0,-0,-1667.5636,1000.5381,667.02539,-567.27277,-667.02539,3868.9546,-7378.208,-1857.381,-0,526.9314
3,5,2059,,-17272.154,-1048.6808,-44774.68,0,-0,0,-0,-1618.3345,971.00067,647.3338,-550.36853,-647.3338,3743.6152,-7133.2988,-1800.835,-0,509.18268
3,5,2060,,-16711.314,-1017.6827,-43877.305,0,-0,0,-0,-1570.498,942.29883,628.19922,-533.97058,-628.19922,3622.6243,-6896.6064,-1746.2239,-0,492.09103
3,5,2061,,-16168.736,-987.63092,-43001.016,0,-0,0,-0,-1524.1218,914.47308,609.64874,-518.06372,-609.64874,3505.552,-6667.8594,-1693.272,-0,475.56802
3,6,2022,,-60638.801,-3095.7014,-93806.07,0,-0,0,-0,-4777.3169,2866.3901,1910.9266,-1678.2013,-1910.9266,13868.906,-25101.711,-3794.8828,-0,2055.9561
3,6,2023,,-59023.223,-3027.9832,-92706.18,0,-0,0,-0,-4672.8135,2803.688,1869.1254,-1630.1387,-1869.1254,13434.476,-24421.654,-3976.5391,-0,1987.0428
3,6,2024,,-57449.887,-2961.7654,-91621.305,0,-0,0,-0,-4570.6255,2742.3752,1828.2501,-1583.3956,-1828.2501,13013.146,-23760.484,-4141.7979,-0,1920.3004
3,6,2025,,-55917.656,-2897.0139,-90551.258,0,-0,0,-0,-4470.7007,2682.4202,1788.2802,-1538.0854,-1788.2802,12604.517,-23117.381,-4291.4795,-0,1855.6307
3,6,2026,,-54398.418,-2830.8298,-89495.828,0,-0,0,-0,-4368.5645,2621.1387,1747.4258,-1493.7776,-1747.4258,12196.572,-22492.635,-4418.6411,-0,1791.0742
3,6,2027,,-52918.941,-2766.1687,-88454.836,0,-0,0,-0,-4268.7788,2561.2673,1707.5115,-1450.9877,-1707.5115,11801.088,-21885.348,-4531.0835,-0,1728.5182
3,6,2028,,-51478.168,-2702.9958,-87428.086,0,-0,0,-0,-4171.29,2502.7739,1668.516,-1409.4598,-1668.516,11417.688,-21295.045,-4629.5815,-0,1667.9427
3,6,2029,,-49864.227,-2628.0344,-86027.836,0,-0,0,-0,-4055.6084,2433.365,1622.2433,-1368.2357,-1622.2433,10999.139,-20647.926,-4696.355,-0,1601.7324
3,6,2030,,-48299.176,-2555.1499,-84651.422,0,-0,0,-0,-3943.1326,2365.8794,1577.2531,-1328.2346,-1577.2531,10595.178,-20021.469,-4749.9067,-0,1537.9385
3,6,2031,,-46770.602,-2490.6685,-83298.414,0,-0,0,-0,-3843.624,2306.1743,1537.4496,-1289.4198,-1537.4496,10238.147,-19414.293,-4594.0312,-0,1482.2559
3,6,2032,,-45290.645,-2427.8354,-81968.617,0,-0,0,-0,-3746.6594,2247.9956,1498.6638,-1251.7557,-1498.6638,9893.0957,-18825.943,-4443.311,-0,1428.5355
3,6,2033,,-43857.73,-2366.6028,-80661.219,0,-0,0,-0,-3652.1648,2191.2988,1460.8658,-1222.9504,-1460.8658,9559.6152,-18255.246,-4297.5737,-0,1375.1602
3,6,2034,,-42470.402,-2306.9495,-79377.141,0,-0,0,-0,-3560.1069,2136.0642,1424.0428,-1187.3398,-1424.0428,9237.335,-17702.445,-4156.6587,-0,1325.1908
3,6,2035,,-41127.047,-2248.8032,-78114.195,0,-0,0,-0,-3470.3752,2082.2251,1388.1501,-1152.7822,-1388.1501,8925.8223,-17167.109,-4020.373,-0,1276.9783
3,6,2036,,-39905.441,-2193.2771,-76874.508,0,-0,0,-0,-3384.6868,2030.812,1353.8748,-1119.246,-1353.8748,8654.0596,-16648.453,-3904.5156,-0,1236.188
3,6,2037,,-38721.137,-2139.2087,-75659.328,0,-0,0,-0,-3301.248,1980.7488,1320.4991,-1086.7007,-1320.4991,8390.9092,-16145.46,-3792.2344,-0,1196.7422
3,6,2038,,-37572.098,-2086.4377,-74461.906,0,-0,0,-0,-3219.8113,1931.8867,1287.9244,-1054.8119,-1287.9244,8135.771,-15658.356,-3683.2104,-0,1158.6072
3,6,2039,,-36457.918,-2034.9657,-73282.438,0,-0,0,-0,-3140.3789,1884.2274,1256.1516,-1024.0923,-1256.1516,7888.6445,-15186.443,-3577.5107,-0,1121.6803
3,6,2040,,-35375.945,-1984.8461,-72132.883,0,-0,0,-0,-3063.0339,1837.8204,1225.2136,-994.28107,-1225.2136,7648.6562,-14728.492,-3474.5701,-0,1085.8325
3,6,2041,,-34285.402,-1933.8191,-70809.68,0,-0,0,-0,-2984.2886,1790.5731,1193.7155,-964.87604,-1193.7155,7414.502,-14251.512,-3376.5125,-0,1051.1824
3,6,2042,,-33227.73,-1884.1946,-69522.188,0,-0,0,-0,-2907.7075,1744.6245,1163.083,-936.34808,-1163.083,7187.1733,-13790.214,-3280.9509,-0,1017.5487
3,6,2043,,-32204.422,-1835.7699,-68248.547,0,-0,0,-0,-2832.9783,1699.787,1133.1913,-908.67078,-1133.1913,6967.436,-13343.573,-3188.5278,-0,985.11499
3,6,2044,,-31212.992,-1788.6481,-67003.562,0,-0,0,-0,-2760.2593,1656.1555,1104.1036,-881.8186,-1104.1036,6754.5039,-12912.027,-3098.7419,-0,953.71661
3,6,2045,,-30249.533,-1742.5496,-65778.055,0,-0,0,-0,-2689.1196,1613.4718,1075.6478,-860.55933,-1075.6478,6548.1338,-12494.946,-3011.6619,-0,922.3855
3,6,2046,,-29319.295,-1697.8125,-64577.668,0,-0,0,-0,-2620.0808,1572.0486,1048.0323,-835.13928,-1048.0323,6348.3145,-12091.553,-2927.0378,-0,893.02881
3,6,2047,,-28417.174,-1654.2555,-63405.691,0,-0,0,-0,-2552.8633,1531.718,1021.1453,-810.47675,-1021.1453,6154.3584,-11701.312,-2844.5972,-0,864.54749
3,6,2048,,-27544.193,-1611.7893,-62249.363,0,-0,0,-0,-2487.3291,1492.3975,994.93164,-792.41907,-994.93164,5966.8203,-11324.071,-2765.0623,-0,835.89417
3,6,2049,,-26698.062,-1570.4357,-61117.738,0,-0,0,-0,-2423.5117,1454.1071,969.40472,-769.0213,-969.40472,5784.9648,-10959.472,-2687.4717,-0,809.30792
3,6,2050,,-25878.014,-1530.1881,-60011.738,0,-0,0,-0,-2361.4014,1416.8407,944.56049,-746.3205,-944.56049,5608.645,-10606.483,-2612.0337,-0,783.55304
3,6,2051,,-25038.004,-1484.9711,-58803.668,0,-0,0,-0,-2291.6218,1374.9731,916.64874,-740.14185,-916.64874,5427.584,-10252.823,-2533.3701,-0,754.15894
3,6,2052,,-24225.207,-1441.1279,-57624.074,0,-0,0,-0,-2223.9629,1334.3777,889.58514,-718.0943,-889.58514,5252.332,-9911.2568,-2456.4202,-0,728.93066
3,6,2053,,-23439.139,-1398.5422,-56464.629,0,-0,0,-0,-2158.2441,1294.9465,863.29767,-696.70691,-863.29767,5082.8618,-9581.4424,-2381.9023,-0,704.57159
3,6,2054,,-22678.533,-1357.2319,-55331.016,0,-0,0,-0,-2094.4937,1256.6962,837.79749,-675.95984,-837.79749,4918.8276,-9262.4521,-2309.6189,-0,681.01422
3,6,2055,,-21942.951,-1317.139,-54219.371,0,-0,0,-0,-2032.6221,1219.5732,813.04883,-655.83386,-813.04883,4760.208,-8954.4141,-2239.6179,-0,658.2652
3,6,2056,,-21230.945,-1278.2607,-53134.773,0,-0,0,-0,-1972.6246,1183.5747,789.04987,-636.31024,-789.04987,4606.5801,-8657.0234,-2171.6426,-0,636.24414
3,6,2057,,-20542.742,-1240.5192,-52068.66,0,-0,0,-0,-1914.3813,1148.6288,765.75256,-617.37097,-765.75256,4458.1689,-8369.6172,-2105.9224,-0,615.00922
3,6,2058,,-19876.73,-1203.9065,-51026.383,0,-0,0,-0,-1857.8804,1114.7283,743.15216,-598.99835,-743.15216,4314.4844,-8091.7617,-2042.1505,-0,594.46692
3,6,2059,,-19232.648,-1168.37,-50004,0,-0,0,-0,-1803.04,1081.824,721.216,-581.17542,-721.216,4175.5488,-7823.2798,-1980.3955,-0,574.63165
3,6,2060,,-18609.223,-1133.9193,-49006.996,0,-0,0,-0,-1749.8755,1049.9253,699.9502,-563.88568,-699.9502,4040.9932,-7563.9819,-1920.4362,-0,555.43158
3,6,2061,,-18006.393,-1100.4662,-48027.316,0,-0,0,-0,-1698.2502,1018.9501,679.30011,-547.11304,-679.30011,3910.9126,-7313.4575,-1862.3938,-0,536.90002
1,0,2068,,-2905.9529,-321.40598,-7209.9238,0,-0,0,-0,-479.94879,287.96927,191.97952,-211.73433,-191.97952,205.28706,-452.69089,-322.61572,-0,-39.685368
2,0,2068,,-7289.4717,-687.13336,-19856.133,0,-0,0,-0,-1022.5203,613.51215,409.00812,-219.56973,-409.00812,504.87741,-1084.924,-518.91388,-0,-24.740093
3,0,2066,,-16784.816,-1560.9514,-48452.484,0,-0,0,-0,-2322.8445,1393.7067,929.13776,-536.0191,-929.13776,937.54108,-2191.8682,-1043.0388,-0,-105.52318
3,0,2067,,-16344.92,-1524.0837,-47562.52,0,-0,0,-0,-2267.9817,1360.7891,907.19269,-516.47333,-907.19269,911.38831,-2103.9377,-1035.7599,-0,-102.45557
3,0,2068,,-15911.391,-1487.6808,-46670.191,0,-0,0,-0,-2213.8108,1328.2864,885.52429,-497.62408,-885.52429,885.74304,-2019.1248,-1028.4656,-0,-99.481094
